pred_label,pred_proba,search_id
False,0.27916172527867344,35301e57-67ca-4b8d-900e-f605ec6bc090
False,0.2958928571428571,e2219654-aed9-4bcf-9e4b-baa5136439cb
False,0.16499505350651367,e405c098-6f5b-4466-93d3-e2bc7c0682b1
False,0.27681221753830293,0c6f0c49-b7f2-4418-92b4-bae006d0b6a3
False,0.24357747466957994,5b90b639-3141-49d3-bd89-30fd18086953
False,0.3069605178771845,5af854e1-7bdd-4975-91b2-543e8ebbfefa
True,0.45233930428497504,1c672ecf-2c9a-4b54-90ba-09ba0717bee1
False,0.18711027892924445,a4477418-84e8-480e-b100-81786866edc6
False,0.31541015344703865,cf3d183b-6e6b-4770-9aae-82bed3e6fed9
False,0.2341433747412009,d978e826-f2b1-46e3-9d99-ed88f8163a05
False,0.1500114026593156,0155e5bf-f00d-46b7-a7d3-64a89605b61d
True,0.47480555555555565,ad29b68a-0d6a-4acc-9be4-3b6371c6eb44
False,0.23523271976960505,38dba00a-e49e-4d3a-b02c-212412d05aff
False,0.2618146902682422,eb958908-6f3d-4ab1-9be8-7c98151a2a7e
True,0.4225145502645503,246058a4-6b24-4a20-8dfa-c4dfc289ecf3
False,0.2267132962822618,54b6bf1b-5f75-4e8f-8775-6eca72a0c7f4
True,0.4973055555555556,a6892f3b-b5a8-40c8-b100-d04444381792
False,0.14390295447197662,51efe8c2-c1bb-4450-a720-4dcaca61f242
True,0.46076984126984133,d4cc4564-82fc-42e4-97a3-8923993e89c9
False,0.29106352954770065,d4c28d8f-495c-4811-b131-6188cc629714
False,0.26498778998779005,04d292ff-fac3-4c62-881f-a34b7c8f0b13
False,0.3178097643097644,28e88ef2-f9e9-442a-b7eb-3d25d0e3b289
True,0.44912301587301595,e157b982-4eeb-4614-a5fa-d3a11c14096c
False,0.24996155437928427,ad9e5259-bd48-467d-b143-83cc436314f6
True,0.46603654970760233,039d59c3-26bf-443c-8021-3471bc8f674d
True,0.4719880952380953,9153cca5-d4aa-4a2f-a067-14373bf14847
False,0.1393639853374832,008b4f8f-2dd1-475a-b4ef-e2ccfea6fe89
False,0.18016361280446896,e99e0639-0226-42e5-8923-6cd6fa4e714c
False,0.21692071088583229,847ee305-9021-4cfe-8aaa-11b9aa9d7f66
False,0.31042259552042156,4f86a60e-9170-4931-a438-9d64dc482634
False,0.23778907250825118,1cbd2d32-c07b-4b5f-a6a6-9e01aa5fd63f
False,0.27681032515395537,721b061b-6d3a-4424-8869-92c1a5c76ef7
False,0.17069686247831087,38eae073-9b01-4538-aa26-ec6965a9854d
False,0.21706408382066272,3ab376a8-1701-49db-a53c-14e22abbccfa
True,0.3617850301039956,1ad64129-9c5f-440c-a5b0-f51017165f6a
True,0.4225145502645503,09248dfb-5188-4ee5-ac1d-eb51ea3d8528
False,0.17260747617644173,23d82ed8-d0c5-4ed2-afb4-883028c0052c
False,0.31495205529702097,e47fc5fd-4b67-4473-ba30-99e9fe921832
False,0.17466931830521806,904547bc-8768-4ef0-933b-4535413a6bb3
True,0.4097570546737214,5ec5254e-85ad-4650-a604-085b9d632747
False,0.2943560087937713,35604c51-6ebe-4052-911f-45c2ba383af5
False,0.20179761904761903,de7431d3-5a56-4cd3-ac1c-95d378fe6683
False,0.16180330777862006,1c08796c-0732-4ced-93ee-543224e85a78
True,0.46136988304093574,7b12e792-4411-419e-9bdb-2ac45674c414
False,0.28035353535353535,80c7f943-65b4-4f21-956f-1ed29c9ff912
False,0.3100589073444959,35dfde10-6488-4127-87eb-482522b3ebd0
False,0.27927350427350434,e1631f22-f66b-4149-8ef1-950f834e0bb0
False,0.2736877528789293,74ac099e-2836-4a45-9b74-39520c9247b7
True,0.37690143222039774,c54e93d4-a69e-4c08-b893-ee59cd17475f
False,0.1872449157349339,3bacbd1f-1622-4873-ae1b-54a66cd9630a
True,0.4291380397856003,41f9a2af-df5c-499e-a152-f849665b5df9
False,0.2768237491106344,b9e03edf-02bf-4b82-a4b9-cfa226e9c2d5
True,0.4900436507936508,ec31ed55-ed02-4528-aed3-8662e10452af
True,0.4849735699311172,f3a3cb01-7843-47e5-94f9-ad6958e1524e
False,0.29956292741075347,070d1815-7437-4b67-8a82-1683ed63dc9e
False,0.11681816491923709,cd45fa41-cc5a-4887-a11f-b2d40f9230a4
False,0.3416666666666667,fdd9ade9-2808-4547-896d-32196440c803
False,0.24122119108871393,3d9b6777-e175-4f96-a397-b59b21e2c4a4
False,0.11532547463429815,768a44ba-c34b-4f35-b224-38719d095040
False,0.2364444444444444,83c19c77-35a4-456c-bba7-ddcfc3871d4f
False,0.3160566180935033,15949caa-aefd-47ee-9f90-587ad73e9683
True,0.38539594356261025,532965a5-e60f-4612-be26-0bfdc013708a
False,0.2900555555555556,3c02edef-3e68-42e7-a97e-6630febd542d
True,0.4345586419753087,831366c5-69b4-434b-a74b-69c36c7e33ed
False,0.27464285714285713,fce9c779-f91d-41f5-9e00-431f837ddff8
True,0.46316975308641983,c3722b4d-526a-40ff-a3da-fe245b34ed8a
False,0.141500823435229,d63e629e-6d46-4e61-aa6b-209e87158eec
False,0.1451700559461566,752c8e12-d14a-44f4-b301-ddea127666f2
True,0.46566975308641984,a8bbc99f-2db6-46a4-a44b-2b83c4eb3ba6
False,0.30654051337255,860668e2-f9e4-4554-bcd1-b69e2422ed93
True,0.3942404622667781,ff795c48-a2a9-48af-b57b-3deb293cc2f7
False,0.23295436981834025,cc5e6494-b9c3-4e5c-bdea-5ae81a1e2772
False,0.2380827313394119,d4a001bb-dbfe-4adb-9d94-2ee4e4235ecb
False,0.19140737093859087,9f338d20-ff7d-4864-b7b2-46102552c588
False,0.1899274303554489,5373fd60-4add-4f2f-bdb1-4ab03df67bbf
False,0.2492576324616815,4753582d-1a3f-4cc5-a21c-c201922e0fda
True,0.39380300738785323,10e3d869-7050-43b7-83b0-18ee0ec2d366
False,0.24897834928747073,1d1245bc-5aed-441d-8082-cd402f2a5550
False,0.1627762443147804,eb522da4-4cf6-49f8-80f0-8643031798c4
False,0.26466717104410764,47872cf5-a413-47ac-8633-1ed95b5b8887
False,0.2947641133343474,050b3ddb-acf7-4cac-a6c9-f840dec1485d
True,0.4350734989648034,b34bb32d-c218-4469-a972-927e66af5186
True,0.4333184871391578,6cbd50ab-74b4-4343-8e48-d0aadea333e4
False,0.23946778629706753,7c47f363-6e11-4563-9d1b-5fcd4cc05cc1
False,0.15067292244211675,5bb96866-7f21-48ce-b692-8156a7c97970
False,0.17552976569359433,60b7a3fc-cd1e-4d6e-a0e0-a07709089dea
False,0.29710778142674693,ca2c8ed4-6a34-4568-9e89-d897674aa6f7
False,0.18711027892924445,803a6c48-6b9f-4c5a-b289-9d8f2a94a36a
False,0.29403578611274966,68c41146-cbcf-4356-88f9-e77df8d9dadf
False,0.27699677938808376,148fe5d1-7cf7-44bd-880a-225c91d3a94b
False,0.3292700416867083,bcb77606-7433-449e-9ade-35e69658b6f9
False,0.14128669065149285,e191bb4c-2541-4ff0-9e27-0be11ca98c92
False,0.31538490092178617,d24827af-afa2-4252-b4f9-782febb48038
False,0.3480225444910405,66d0b79c-2323-4ed1-9f3d-de5c7da947d5
False,0.13596794611564436,57673a62-fe28-4d1e-9a99-19d06ecfabb3
False,0.2970442884058589,00cd217b-9574-4b00-8779-fb1f609c0dc5
False,0.2713145625117824,22982dae-6717-4ad6-8eee-d1b7b4dcc413
True,0.4451419220945083,3e079f00-00e0-4d60-8aea-300362ab633a
False,0.34479310507081157,6ff7b02d-49ba-4b23-9f2f-3eefda25a5e5
True,0.4714934112009585,94d72558-eac7-4a34-b59e-8961f56647c6
True,0.40894409733948744,cde7a274-e42f-49ef-9f01-957a1c206546
False,0.1904671379571561,ab02ceef-e020-40f0-9687-9b8dfb612a0f
False,0.2860756016327349,09344a1d-656e-487b-8425-f2911f3a825e
False,0.23946778629706753,a7a2563d-8c8f-400f-8b57-a4b5be235cff
False,0.295374214077766,00018b1c-ef58-45dd-827c-b5b0ca1c278c
False,0.188288100498108,51386c0a-e3f3-49b4-a644-6f044128b967
False,0.3087433862433862,24e1c7c0-40be-4bc3-88b5-c3250b47142e
False,0.15260860484544694,b8ff3dd2-88de-4648-aa40-c6355fbc9681
False,0.14139585338592814,803e4a54-55fd-4461-a1e7-f9f265881219
False,0.34307936507936515,54d038bb-fe0c-42ba-bc2a-e63868c9260f
False,0.1415194422119085,924d79b9-825c-41c4-882e-7be2847a282f
False,0.15470551702448257,9ce092a8-90ab-4a09-a3d3-3232bf3a1b60
False,0.14144328814460397,1440f8ec-73c6-4719-8e72-9935bd0cdc6b
False,0.2538010634945862,32d858b6-57bf-4fb8-bfa4-003dadc23ce1
False,0.28005890734449584,e2357eba-7147-4646-a30a-ad0ce4ea8e80
True,0.43494841269841267,92ed3e5a-d8b1-4121-9e5b-a665ad516e25
False,0.1872449157349339,5ba764b9-7cbd-4f6a-a7b1-599d82a68557
True,0.4900436507936508,a13257a8-d225-4acd-8d68-a34831dc3cd5
False,0.15575351339772173,3b680ff7-de99-4550-b0e9-e2b9ca5c489f
False,0.30868184002669624,ac7905ac-a509-4e39-9e46-5bdf94d128c6
True,0.46603654970760233,f15a2571-be58-494d-b42e-9623d7967313
False,0.2555277777777778,56385eee-9b36-479e-90f5-5b7c50821d1c
False,0.16077920267375317,bb587f8c-e828-4e2f-bffa-26268ccadd64
False,0.2164497354497354,b68c077a-bde9-487e-9317-9ad11558ba34
False,0.1329957264957265,cf136cc3-2cf9-4ae5-8564-4da8e36d22df
False,0.21933935687354653,5307cf69-2775-4252-bcc1-7bf62f62f573
False,0.1904671379571561,90291a15-e969-4243-b152-7be984398428
False,0.26387722990275175,be82b06d-66ab-41ef-a31a-1ef23107884a
False,0.16136351482378472,c879d49a-53c0-4ef1-bb08-e44cd3dbd1bd
False,0.2281666557911778,648bc450-c48a-416f-a313-7da8b2721603
False,0.32646964017991,e97de037-ce5e-4321-b735-345f32db0da6
False,0.12096644388749653,b948a7b5-569b-4ff0-913b-b1b99d803ce3
False,0.29899317264577635,c0f01c91-7154-4c12-98b1-f588edd9fe48
False,0.2489404764940069,32278d2c-6af5-4769-8de4-cb083a95faf5
False,0.08852235126034182,e05f65fe-4990-4b88-80cb-36ef61acecd1
False,0.09467014759120021,262d5b77-5ec9-48ec-ad1e-4a6640ac3e2c
False,0.22872967838020017,77a11a01-cebc-47fd-be9d-a0111f401983
False,0.17260747617644173,e8207bba-1d7d-470f-833f-a7a12abced9a
False,0.22150666529237953,48746f74-932c-40e9-a4e9-b61e3ab3612f
False,0.1832492373030627,66ab48eb-ba9e-4e1b-b88a-3e07f2481d0d
True,0.48804365079365086,cb693547-58d9-4e1b-ba72-5a551680f6d6
False,0.12639189617975885,87147b4d-2bcb-455c-aaf8-ed5dcb167794
True,0.46192270531400975,e307db2c-c50b-4993-aa2b-e391e38daed1
False,0.34712406015037606,651acfdb-707f-42cc-8471-c1bdfb01597b
False,0.15430656552209251,1a9910f0-a6c9-45ba-be26-dc94be71eab9
False,0.3169284739937611,1d02c4fa-a9af-4a63-a911-eae6911d2c65
False,0.3071992291334397,1e86c0e2-b24d-44f5-81a6-a6d9090eacfb
False,0.12243700896171376,6291b764-01c7-416b-99f5-aeb681a6f7fa
True,0.37963820470717025,5c6dcbda-e99d-42d3-8ceb-d24e3c0aa11d
False,0.15067292244211675,26e96085-9579-4ebf-ba0c-c2b5f1c4ec33
False,0.13238630481432337,2851114a-ab59-49f2-bc6d-04334f1b07f5
False,0.2820016835016835,d18a250b-0f84-4689-9c1c-97dafec5b3fe
False,0.2880180694908956,af562a9d-8bb5-45d1-b494-2c81b769bf26
False,0.20995048309178743,70ae8dca-025b-4bf6-80c1-4043be4947c4
False,0.2565277777777778,5a508e0b-fcdf-43f5-bab5-08e23bf09870
False,0.2766834955500703,d80b97a5-8e1d-4bdc-8247-cacf7cb4c861
False,0.20738888888888887,0ee3e3b1-8d2c-483e-b717-6b0c23a99b8d
True,0.48804365079365086,d848584f-3701-47a7-83aa-063e602b52ec
False,0.25001904444603096,4ea7ca13-64d7-449c-9f10-657e7f5cd71f
False,0.2751994301994302,b6c0e2c3-a7c0-43a6-8a4b-acc7edf6ddf0
False,0.14768775287892935,0db6ebba-ca10-425c-baaf-acc865c9e077
False,0.29936398865275915,7f4b2530-b5fe-4d86-918a-382a51b66285
False,0.22739480298965925,7e71ea58-69c2-4859-8c81-c032bd1a0f8b
False,0.08852235126034182,f483a784-c465-4f26-b47d-38fb8333f6bb
True,0.46828381642512085,4d920800-18bd-4b9c-a135-b6b376a74005
False,0.32646964017991,d2e3699e-2687-4bed-a3d6-18d6fe842e23
False,0.23546398046398043,86010aee-3569-45f1-ade2-5c05d4676696
False,0.1838548605565988,88f71ca7-8ac3-4619-b4bd-c2b95662ceb7
True,0.4225145502645503,15841914-a065-4879-b2d4-b51906d27235
True,0.4225145502645503,13ebbfb0-e2fd-4bf5-9cf3-2bb401bde3b3
False,0.27314408300983317,c1dacd50-7447-4c46-bc87-1a5ab30b7cd0
False,0.3211238512949039,88eef41c-d505-4bdf-a7b1-1a28d21cb1f6
False,0.1888649249688371,991eb0a2-1099-48cf-bb27-59a21d0f17b7
False,0.2692714682548227,5c2ee98b-0d09-405a-92dc-40f158d7d3bc
False,0.31425000000000003,7757499a-7587-434d-9acf-6eb18668c378
False,0.22164782326600876,ca0507d5-fd23-4e49-a998-ebf683bf0be0
False,0.16136351482378472,2bfdc1f4-1a70-4230-8bfa-82d74c16dc5a
False,0.095440915787602,b2e0e6fc-ff02-43d4-ad60-4e7a12f75ff2
False,0.29096275946275946,5ef6a01c-dfa1-4f7f-9ece-8041dbf309aa
False,0.14768775287892935,028ebfac-6770-4fe0-aca8-fd75ac19f157
False,0.2799150654413813,66325877-172d-48aa-9f9e-1261d7b89110
False,0.2086170053500017,70308ab2-0c70-4062-b910-70c3f5d49955
False,0.316345238095238,b7dfc590-774d-4c1d-83ad-4733bb8800e2
False,0.34921428571428575,82454d66-74b6-4ba7-ae56-affa76d030c8
False,0.3233500492300864,30ffcda9-3c01-47e5-be12-eab61507755b
False,0.1889645908684917,94b6d935-7d2a-40f0-a134-e377b02a7397
False,0.1978333333333333,74850fd0-67ce-427d-acdc-57772c10640e
False,0.32233074333074335,530e0bbf-256d-43a1-a0db-c482973e329a
False,0.12085282651072125,ebdcd8bc-53bb-4f22-8509-19deae72d76e
False,0.28859112184112184,5db808f4-2619-4896-93ba-47afb72aebf8
False,0.17276900908797463,0618b855-99a8-4317-a5c6-60384065b517
True,0.4225145502645503,3c67db67-7433-4d1b-b0c9-ea4af2bb88f7
False,0.23353360323886632,d847a718-b0c1-4574-9da8-461b7571c4a6
False,0.18391666666666664,0f621579-c908-4eae-b465-103070d2e16f
False,0.32989537491886645,5d61dca0-b9b9-4722-be28-432270aafb92
False,0.32621596921596924,cb81243f-be17-48e8-ae16-f97e3c654dc6
False,0.2644497354497354,9d7d1d96-5bb0-4c04-938a-2e3924ae3587
True,0.47923503355570424,c6a82f21-cdf5-4525-b9da-9b43f4aa3ec2
False,0.1732420800151501,7586a423-5e95-47c1-a61b-da8ab89b23ef
False,0.20834523809523808,03e62c00-01b8-4bff-be18-9c0e3900d3b1
False,0.22529550820708144,4e74a608-f1a4-4fe6-989e-cdb29e9d90b7
False,0.2703288115366669,ad0debef-43b4-4cec-9d75-7571cbd305e9
False,0.27709567901234566,5295363b-8f38-4931-82c2-22e12265a79f
False,0.3172687292717278,a75aa538-8275-4962-a309-e21dbc662ead
False,0.20915047021943575,6f5ca60f-def2-4a67-9b0f-0283f2eb613a
False,0.23830699855699858,b9bff26c-835d-4304-9cba-ba0fe1548710
True,0.4410525599128541,c15dfc62-c599-4dc8-9eea-9df6c6acee54
False,0.2936944444444444,dda2de7b-a097-4279-ac13-27ed6559274e
False,0.27714129112692326,101c970c-d954-4ae9-b409-cf4c54f89d43
False,0.2620566190501417,2f428b57-2202-4ffd-9567-a566591ec257
False,0.14004049160981455,d2cc00f3-5d78-4e1f-abeb-1a300d7512f8
False,0.25682010582010584,f8137a45-1454-49b2-acb7-48467a5a6cf2
False,0.12096644388749653,997ad07b-8490-4939-9cc6-5d6f2fa9954c
True,0.4702817460317461,3dea5764-5d62-4061-8db4-07e879bbcf79
True,0.4225145502645503,3f1ecde6-6f64-4cea-b3ab-8dbf4ca187dc
True,0.46566975308641984,7d41be6a-40ab-454d-ad11-5a3eec5e2be9
True,0.4097570546737214,5049f63e-581e-455e-af99-c4298fc60cec
False,0.2842879653828217,cde7d21e-da30-4203-9b87-54223984562d
False,0.23523271976960505,5136b837-fc4c-47dc-bd43-d5b30e77d431
True,0.49111111111111116,83abf05f-efb0-48ae-8c30-88ae547ef788
False,0.3034577406720264,cb34ce9e-92d4-4fb9-8c12-a1a3ee446ae8
False,0.28874223924223935,2a6b68d0-5b82-49d7-9adb-de095c58afcd
False,0.13327863145544008,00209e64-2f5d-4b21-b3c2-c66cffde2057
True,0.4345586419753087,fc4308f7-8a70-4dab-95c7-c2bcfca337ea
False,0.2799259259259259,626c4727-b058-466c-ab42-39423470f528
False,0.2670753968253968,b5ab3473-fec8-449a-8884-c1a2848c63b5
True,0.36052682264383384,f17b6a87-5541-45aa-9e6c-0a98896ac456
False,0.17260747617644173,4eddc29d-3191-4989-8499-b9b06d740f6e
False,0.23455502598175174,1de544d5-6b06-4959-8308-5698b747735d
False,0.30454476501759115,5ed0fd6b-0a99-4b08-8e07-93bf35f3eab1
False,0.17227324690559986,7082463d-d0fe-4ff4-a610-3fddb7c97a1c
False,0.1692741428431084,261fd31e-c052-4f15-b3b9-f5f831addd43
False,0.29041660191660196,fd67c291-d5a3-4d20-8a34-1982056dc775
False,0.24438726424647475,4b2684d7-c474-4f93-891f-f5fb0c4f9c79
False,0.2842879653828217,7736fcfd-443b-44af-96b6-155a0e279d6a
False,0.32646964017991,61d4514b-eebe-4d92-8025-a94bd37d4196
False,0.19097720797720796,7e1b4780-405e-4725-8c03-13c066c39b57
True,0.43157349896480335,6ec08067-5537-4bc0-9165-f52b9c38fe25
False,0.31691583785360034,fd4b895c-1997-4ace-a2d0-71290759f683
False,0.15998212005108559,9f3f2c74-d0ae-4443-b3b2-2212f2b52dfe
False,0.21161700535000166,4c20995a-9b51-471b-a6c4-3f1db8f32498
False,0.20655150405150408,8ef4c4cf-e173-4d7d-841e-4319d0ca2219
False,0.25261702521188156,7fdf0d4e-8cc5-4fcc-8932-d5e9a17a6de5
False,0.16058323078034278,771faeb3-ea14-4029-8255-a52f58582de7
False,0.23460628689049742,663b5cee-e396-4fd0-8abb-dd10f73f3a0c
False,0.3212719171642945,31085bce-9077-4296-a9d0-8192da628b4a
True,0.46309920634920637,2e5f4fb1-d4cd-4e7b-8ff6-db8925ebb19f
False,0.2838133440633441,3af5a17f-3161-49ca-b95a-8d3ddd94a304
False,0.27299550245390647,381315cc-223c-4026-9670-9288b57719d8
False,0.3224891395154553,ae5b5860-6d8f-4570-ab74-65d9eb704294
True,0.47496031746031747,ebefd764-f1c6-47ae-abbc-09fc56d0c83e
False,0.3313247126436781,202b2930-92b7-48e9-b0fa-f28925e80196
False,0.16136351482378472,e3d470eb-134b-44a5-a4f5-2a9596c78bf0
False,0.32646964017991,d993ef7b-2932-4d62-9d7b-d7296e28aa14
False,0.1165820883909119,bd372bd2-8713-4bd7-908a-e4553ddaf6ec
False,0.26941666666666675,f9590688-1389-4125-a64c-95b80f2b62d4
False,0.1512535880364033,895b8663-a241-4b22-a130-d94165f37058
False,0.16424993524993528,e17d5712-f04f-4b25-8e1d-6dcf959b0c40
False,0.29637404170320214,4a293f5e-fcea-40dd-943a-ddd61c5d32f5
False,0.2997966210373278,c9e34511-cdc5-4454-830d-baf4610a08fa
False,0.26483995847906844,79aec845-2933-49dc-9bcb-c1612739b120
False,0.28419413919413916,23c2af17-a41c-4f75-aee5-56a67bdce860
False,0.2840703549389851,11c4965d-1f01-4bd7-b8fa-507dd800ab74
False,0.21299891774891772,b0f9d629-5ad3-48cf-8d32-a196157221fc
True,0.46136988304093574,d323a65c-d68c-479f-a2f1-c7d3c6ad045d
False,0.11857328149433415,9299d4cc-9a7a-4b52-b9a9-766e8ebff904
False,0.3001701119724375,945b55d4-1f3c-4a98-aae0-bf9930c7e2da
True,0.4774484126984127,3a7910aa-2580-4b41-92b6-f9635d4119fd
False,0.3231363068465767,40b85ea0-984d-4f7c-b67e-f2b08228ed82
False,0.23523271976960505,7cc2421f-7476-446a-ac64-6caee1f62017
False,0.1888649249688371,7890cf16-f578-454b-a271-690e7899cf9a
False,0.26893674179448807,8e9bb750-f741-4ba4-bb3f-60d034d5e551
False,0.13107871413263572,712ce5f4-e6fc-4829-931d-d07b9c1c3b01
False,0.15605192062088616,87107add-218b-4bdf-8da3-a15189a0170b
False,0.1633208659532189,c069c496-7d12-47bd-b285-6fc04d4e380f
False,0.2561004569680841,dc1b9592-848e-4e1e-9fa7-a2bc0a1a1aea
False,0.22844673117972752,ccd7e453-363d-4fa8-b215-63b134f2c242
False,0.3078514028242289,18548722-3dec-4bbd-9033-e3232acab82c
False,0.26345077972709546,5e2e5eae-e1f7-4248-893d-8ab88792b55d
True,0.4632936507936508,9cc842b1-5b65-4d92-b264-874aebbab8ce
False,0.2971974294158625,39e8dfe9-e58e-4fda-a24f-f7a911de1e03
False,0.16063778853233904,71e82b53-9dc1-4d16-b32e-8d2cb5505c12
False,0.13866441146845537,4fdcae63-38b2-4530-8c31-5161ec0d6d0b
True,0.4596944444444445,a6454572-f850-4902-a284-60001676e825
False,0.2961120228809017,92307dbb-ed4a-4237-875d-60376cf3f8e1
False,0.2681759259259259,c39285e4-8999-4ff5-97ec-422b3abc6df1
False,0.31127350427350425,c89c9526-e03a-4643-ae5d-5b6d15cd058a
False,0.12345085105249533,1bc49a0f-e14d-4efd-bf4b-60d345af4f41
True,0.4731812418887892,82b9d48a-4eeb-4caa-9870-ee572e280f66
True,0.4430348324514991,c039cdea-88b3-49fe-8a27-c8a0379de6d9
True,0.48804365079365086,0581d13d-d9f5-40fa-9ec5-3b98fce5f633
False,0.28874223924223935,5613c0e3-d225-4579-9549-3f5ef98c8b34
False,0.3313247126436781,bb902e94-5bf7-469f-87c1-ae1470ead0e7
False,0.34574572649572644,0b4d90c0-5689-4c24-91b8-b7df7747d498
True,0.3897568546024007,490d7ce8-7e2d-4d31-b8cf-2a3d3d62734e
False,0.1761868539137142,c16576c8-2ae8-453b-8f14-ed641c46a9a2
False,0.21214782326600876,dc9f6329-4d19-4625-8926-2c14b3ac15bf
False,0.2751994301994302,fbf56eb8-a15a-48f7-b1ed-10b9ba807cb4
True,0.35574534756431303,9024eb5f-6d2a-42ec-b51f-40ae3c99196c
True,0.49030079365079376,8bacdaac-4106-47ff-beef-91fd4c24e13f
False,0.27792126568267533,75bd8dc6-f80d-4c70-b81d-48c56165a675
False,0.31293105870737453,a888f32b-6d27-48d2-a96f-8c5de502d913
False,0.18875967257095647,8ca2e0b0-d3c3-4c39-867c-c4877e6c4fd6
True,0.3674358237547892,fa624c74-c2d5-4cf6-81f0-a6d84828805d
False,0.3160569985569986,d1925ea8-c8f8-48d8-bd38-6b18b128227c
True,0.4701587301587301,1f27056d-116e-44e9-b257-9a9a46551aa4
False,0.21409354065151162,ba0ca65e-ecec-4487-b0d5-c5bd45f2519b
True,0.46828381642512085,1cef7ced-b78d-46b4-a578-324c558e48ee
False,0.3087425208116429,3528f620-8c07-4921-ab72-90993ab8c2a2
True,0.46217063492063487,2f183800-01ae-4999-9895-d039eb807573
False,0.16136351482378472,9af4c8b3-18cb-4325-8dc2-57a5ed69f844
False,0.3051071231440084,917af75f-31d9-4f48-bad2-ea648d894848
True,0.35929693486590036,1335c153-c558-463f-bd94-52f901107361
False,0.1116811823155064,75a40bfa-b886-4ee1-95e0-eaf81279897f
False,0.17213230047959152,b0d072d3-cebc-4963-ac65-ef3bb0be5501
False,0.25261490091057154,a35f7676-2782-4b00-852d-7ac67610a62a
False,0.14976132782874538,8f77a634-0eb8-4128-8c12-7df8215899b9
False,0.18012245040933567,57064b9a-930f-48df-8d32-6fd5ddb1e8ab
False,0.3235369386127948,3a83c5be-c5e4-4e95-b994-629ff139b8bc
False,0.3067402917131178,d3fd06c4-cbc9-45c1-91ba-61b5eda7a522
False,0.16988210911895124,dbcc5648-e88d-484e-b7ec-2ffb48f2fece
False,0.18235860484544691,723c2b01-fecc-4a37-8f98-63b65e9a87a5
False,0.13763236992180589,82ffb9df-9069-44b3-af66-74ca32bc07dd
True,0.39103411306042885,8731a58d-628c-47dc-8315-0e113e66122d
False,0.30184107804304144,42ee0c54-0484-493f-8f0a-5360ceb0542c
False,0.24924900946072956,da9ea820-4010-4bf1-8969-09d7f607f101
True,0.42314766081871347,4ce03355-56c5-4023-a06c-9e5012bdf88b
True,0.42414801395598506,e61c4ace-a19f-49e1-9d03-00b7e478f2b9
True,0.46828381642512085,3d01b6a4-0ee3-4ee8-bd1d-82c2bd59303a
True,0.399681855500821,0f6933a6-2eb6-467a-804f-6d7cde05b85b
False,0.3458214285714286,6b7309c0-f14f-473d-855a-39a4a5b3888e
True,0.36893253968253975,a4a307b6-d320-410b-b2bd-ce688857930d
True,0.38539594356261025,0137e579-fbb3-4eb5-a920-aa9d46513ddc
False,0.18385317460317463,7f184805-9c06-4e97-84da-22513ff7c19d
False,0.2893290598290598,14afa327-18ca-48b3-a3af-d4a81eff0ea6
False,0.12243700896171376,0313c564-df7f-4647-9003-3fcea8331916
False,0.2751994301994302,1a9b334e-72f6-49d3-b71e-d5c48341abc6
False,0.2804216524216525,98aa33dd-082e-48b4-9001-9a06a20bc323
False,0.12002350167119988,ffb7c537-f2e8-417e-9917-3ae3e055947e
False,0.25710683760683767,bf04ae59-5b06-4e55-ada8-2eddc2c9f096
False,0.29368069584736245,44ae7f61-4847-4068-beba-c46b2eaad0ff
False,0.16230166644302838,2c34579d-abca-4670-9d73-03571e89c189
False,0.24247222222222226,2b5fb03e-2d22-47a4-8636-dd70f99a9744
False,0.16950132275132276,9970721e-83c1-4ce4-b160-aaebf0a8aff1
False,0.31719753086419755,6be7d416-a77b-4b24-b3eb-db11491de799
False,0.22854831217300012,682d685c-07a0-4e01-b29d-3f256a5d7399
True,0.4774484126984127,71efe076-ed9c-4fbb-af8f-8d160e747def
False,0.16058323078034278,238dd3d3-612c-4144-bbfa-30df7538eeb9
False,0.2998727046582932,69332636-6f38-46c9-84e7-1a778fc2f1ca
False,0.1395992794551303,d965afd5-47a9-4b56-8d83-74d896137ed9
False,0.21522826086956517,2e528e8b-9056-4263-b8f1-41ae8d59db31
False,0.25235062582345197,20a3c27e-051e-4ee2-a4ca-35727c94a75d
False,0.18274240946926976,5af88ee3-d4cb-4abe-b234-d9edd93a3657
False,0.3475555555555556,d7c41650-7b96-457c-a805-6f91f86c0f03
False,0.18513945244728602,e58bc390-11ad-4ff1-9817-187ec180d62c
False,0.17260747617644173,dfe5e1b7-44cf-4012-aae2-62b30d1dea4d
False,0.11714265817037886,716bc482-6650-434f-9555-cee3a9e2bc3c
False,0.2749803394338914,54dc8d6b-b9e7-4567-92d5-e5196b7d9406
True,0.38539594356261025,51ccbb2a-9a7f-46c4-9ab6-135a7f0ad2c0
False,0.29513802367686603,6e43d0c0-84b6-42c6-82c1-cd4ed9e3b331
False,0.2679401709401709,2dc12a0c-4086-49bf-a352-517922ed21f6
False,0.3012636563395126,3041ef06-57cb-4c86-850c-74cd5684da72
True,0.38178186367490274,7c694393-0760-4324-b707-4a8b7a519f58
False,0.2980088961337811,2c3ab2d4-5316-45e3-aa08-bfe2faedf2c8
False,0.2564120625475889,f91bdb1f-0bbe-48b2-9f1a-c781bc954a38
False,0.2442022977022977,30d2b146-4d26-4d2c-a229-28aac48085ac
False,0.2889819990798252,31e2073d-c5bf-44ac-b549-a1677afa1e81
False,0.2642143066907326,2ea9caa6-3824-42fc-913b-7d13ccb5cd1b
False,0.15470551702448257,f6e63ee3-6bb7-400b-bc6b-c398821510b0
False,0.14004049160981455,c8d7003d-0a60-4b26-9590-f5d078ac3a1f
False,0.20045370370370366,30f5d263-9fc9-4ca3-8c6a-3b98745c14a9
False,0.2481111111111111,26daa9bf-41ab-4fc6-b88a-62984ec57e86
False,0.12079163599957388,2b0011be-050e-49ab-8106-1af822f5678d
False,0.1026263307842255,f681801b-ad8c-4aca-929f-b3df5ae67ea0
False,0.34537343634626244,b5e54e55-b8cc-4385-a61e-316e03a39c6d
False,0.2759789986701752,306ebabf-a097-489e-b171-2e8df021442f
False,0.28251322751322744,0f84c44e-3b1e-46a6-9e88-7e2cc3552265
False,0.28880090311986856,8f13b73c-25d0-4beb-b28b-71c047b5c083
False,0.20053277802475275,2ffaf3c7-0a98-449c-baea-8fecd5648fb6
False,0.18385317460317463,bb862a09-1253-417a-8513-ae971031d9c1
False,0.30073412698412694,54d22f9b-a713-42fd-9421-918bbe761335
False,0.28874223924223935,e40e1ec7-8ff2-42e5-9dd7-cb1ee0a9489b
False,0.14004049160981455,6d04e368-7bac-450d-a337-55cc272c56ee
False,0.27634375127796185,df430b06-7990-42d2-b6ba-3813858f1fb1
False,0.16063778853233904,99e7de49-537d-485e-b05b-62ecefd15d59
False,0.24302380952380953,7a6cffdf-d57d-482d-9b83-350f4cb593f5
True,0.4973055555555556,b5c6a215-5b20-49df-9077-f567fd9aa4bf
False,0.24232810809427457,92c399b4-854e-4ea8-af6e-1b504c57cfab
True,0.4225145502645503,ac44d106-7767-4aba-b81e-534d3676b80c
False,0.34800857507754057,bdccaa5f-474c-41f6-ad5f-5461edde2fb7
False,0.2846158352235954,f59dac5a-ada8-45d4-ad53-a4e8240e9cf4
False,0.2531364203404693,25763370-ac78-4f06-8ecb-1677bdbec1aa
False,0.2613011646248489,d78bbf10-a540-4982-9930-3e4381f609d0
False,0.2328296055796055,ecd03d20-2aed-42c1-815a-0db72f3d1a87
False,0.15470551702448257,a54ed899-e579-4be8-a61c-812c5916ebfc
False,0.282219001610306,3db378d2-0ec3-433e-bafd-6e98a3279974
False,0.1329957264957265,f0e433d0-0339-4e4f-b4c5-1cbe8f47a873
False,0.15299072879493994,6d04cd88-d036-47eb-b707-2a58c943b5f9
False,0.1889044064793654,db37d13e-904c-4c49-b783-33a0d938a94d
False,0.26582450720921863,52939b56-2046-437b-82ff-8e614962c3cf
False,0.18836767447580766,8559b476-8211-472e-b8df-e92ed078d5f9
False,0.26286345472266537,c8a011f7-abbd-4309-8e7c-94cf7e2fd374
False,0.19993523716405398,6743c345-b3a9-4c2a-933e-d57863676916
False,0.25212134340553294,1aa8169a-0a3f-47a2-a33b-f4f2e4d23320
False,0.15470551702448257,b3680870-f255-49af-911a-e2a3b32fb0b8
False,0.2568681854117512,4cd21e76-82f7-4962-9abc-689b9fd77102
False,0.1926330862520081,b538896d-64f8-4c40-8e75-1177263bdd21
False,0.16180330777862006,7fbb4ead-dec3-4c37-b9a0-f7b05c8c5a5f
False,0.2548361610143507,367e0175-9871-40b2-95f0-7f0853de1097
False,0.2289883998902098,97d95775-dc6b-4b6d-81b7-d200082d32a6
False,0.1838548605565988,7d94a5d2-cbe7-434f-a758-4b381759692f
True,0.48545048309178745,892c2666-7094-405f-b645-a7ac8c1d4aee
True,0.45761881181448255,05c02264-a727-4a22-a0c9-07728e9d6c98
False,0.1833063542875131,a3db9dcd-d9b9-4b0a-9431-6c8ecc886b5b
True,0.49508333333333343,ea736551-006d-4186-aae8-97d640c98117
False,0.15474934708182791,9bbba02e-07ba-4f5f-ac36-a81931733187
False,0.16988210911895124,f1171465-bdcd-4ed8-b241-30a1b8f3ac1d
False,0.18669273562694613,d0b473c7-ded1-4a65-a6af-ebea7d7f5605
False,0.2641465213505704,e8eb3c4d-b24b-4f88-bdfd-28ee13365264
False,0.275537037037037,37bbec57-b977-4e27-8a79-3be057f140cc
False,0.18711027892924445,29430835-bec3-4afd-87f2-71c8a18a6fa4
False,0.16180330777862006,0c6f5d47-2c11-4e18-9917-b7f9f0b6e6a0
False,0.20828381642512073,abeeb964-cd34-4e6b-afe2-9ad4deb111b5
False,0.180376826442829,2a25284d-037f-4b08-a553-da6a2e10c745
False,0.27069909958462596,4bd7979f-2667-4878-aaa5-7952e8cce48c
False,0.2620566190501417,998299c0-2cfa-46c2-9ecb-b9362ff2e552
False,0.2675970910181437,9ed994f5-af3e-4965-9236-7ae5ce4e1595
False,0.23523271976960505,f17a36b1-c4d1-4211-993e-4cfdc514699b
False,0.1741229380641145,02071497-3d31-425e-acd8-d80611023ce1
False,0.24122598964455552,7ab8bff1-8994-44d0-b031-40fc9ddb3044
False,0.1657777777777778,c6a4341b-9871-4d64-8f6e-c711b2fd6f43
False,0.21409354065151162,634ddc69-ffa6-4320-863d-0f6ff789893f
False,0.16063778853233904,34624df1-9b8f-4365-9538-72f5253bc6f1
False,0.29975,cd522a35-c586-493e-9b50-11a00bfd2340
False,0.2680238709531522,2d595e3b-e913-41f5-95db-4c6018fe7637
True,0.4225145502645503,f492bdf4-8071-4ad3-906c-51e6b8107faf
False,0.2911866836866838,20c28f73-ff9c-4f6d-b5d8-95be2fc08619
False,0.2927083098061359,67b482be-2c79-498b-b071-fbee748fa95c
False,0.2489404764940069,73264e25-6a5c-490c-868d-d8db3e60cd5d
False,0.2782147968990074,f0d5ec05-cb46-40a1-9e75-3dd8ba69a4e0
False,0.3092664017295577,ab799d61-fdb7-47c2-bf5e-ec221eb68f04
True,0.4759166666666667,df6fad44-c981-4797-9642-8b74aa8356d1
False,0.1026263307842255,12575eaa-5785-49dc-ac06-6ebad9ad3eef
False,0.2929487499875924,e3ad6365-38cc-4727-98f5-9b384b659279
True,0.4652261904761905,1eb0da15-6365-4518-a50e-17b48726ae35
False,0.2910850984764028,678642dd-d0fe-4d3d-ad30-829d4408a8e8
False,0.1451700559461566,add8fcfe-5f9b-4383-ab56-d5db5211e787
False,0.1607296783802002,6357c3e8-40b9-4201-a134-03f5aee80c0c
True,0.35352312534209085,e7f67cdd-cd8a-4061-8e37-e407b3149f33
False,0.16979732182650772,f360809b-9833-4505-b95f-d6d47ce1abd9
False,0.2341433747412009,0c8aea6e-ba98-43c0-859d-cb68d43c2ace
False,0.2981430045116348,0288b164-aa96-4dfc-b03c-2c7719cfdb3b
False,0.19902777777777778,f5a45324-57fd-4b59-9c7e-e95362b4a532
True,0.48078309374064093,9f44759d-025b-4a7f-805d-cfcd531f4a04
False,0.18711027892924445,bba03c29-8522-4ad5-9bcb-d9306d3cfdce
False,0.13442405822986592,cfcfdff9-9700-44a9-b9ed-0b5ffdf886a1
False,0.15575351339772173,cd85c050-0185-4e3c-a140-17b70dfcf878
False,0.1692741428431084,ccdfd71c-4047-42de-88c3-14f1d24b99a4
False,0.2677629324327092,23891b92-cb4a-41ee-ab74-52d69c47c9ab
False,0.3100277777777778,1fc1b6e6-9fc0-45e6-863e-493cb1dcf2e1
False,0.27995546884677325,eeb41e9f-7414-424c-bd16-15f00a758cf0
False,0.2782448646125117,a103c895-cbc5-4e88-a826-99993cadfd99
False,0.1553846153846154,4d8dd194-7e59-419d-a747-7cc50fcbbe82
True,0.41976587301587304,4b6da1e3-0cb1-4a32-902a-d55890036902
False,0.28830732069862497,f2a39433-ee29-4357-93f7-3849ab7492ce
False,0.16136351482378472,a3d5b5a2-0a30-4d01-93cb-fd1a74264c48
True,0.35438026819923363,7a57fa54-a9d8-4bbc-9cb6-521935aefab4
True,0.3660062390642101,73954f21-69e6-4539-b187-07e0e0c20883
True,0.3970626102292769,78e66f90-02fb-4167-aad2-c44437c44620
False,0.20086858809643302,0f3e49c4-1146-4f02-bbe6-1e07aade6931
False,0.19199572649572647,42aa33c0-f033-4781-92d8-a8866fb40a19
False,0.16063778853233904,6b3b4b3a-af44-4401-8347-abc7a6570f57
False,0.1833502383422131,81c886a7-3904-4756-9682-b9a162de9191
False,0.30032905982905983,cb0bfe8f-3e57-4307-9da0-d723ac3d3b5e
False,0.11857328149433415,dd859cf6-8f6a-490b-a2a4-d159facd8a41
False,0.1452564121974736,91b00c6b-fe26-44ca-9524-70e1199a5be4
False,0.2068657179346834,9474553f-ad2e-4d69-8357-7d7a328c2297
True,0.4234179894179895,f1582e6d-4779-4c23-b187-9c5e7b1ddddc
False,0.24689984870886822,375ece26-3334-4907-8ce4-978d7122a186
False,0.16136351482378472,8fd199d2-5751-4e06-96f0-19c33387e185
False,0.14814112454565687,d75d0db2-f3ee-4ed7-8337-38b8bf3c7842
False,0.1271198830409357,a24b259b-2f8c-4e97-bcb8-5358534bc9a5
True,0.4291380397856003,dd294980-314d-433f-ac3c-cba468082101
False,0.1838548605565988,bcf83854-65c0-428b-9409-1624e5458802
False,0.2173047345374931,d11d1161-b8b2-414f-ae19-4566be841e63
False,0.11308620755970537,d2288c8e-fd40-4927-9f42-7a5ba474c393
False,0.31520580518061714,d1116ae7-6776-4354-9548-569eff6c8a47
False,0.28088279273061884,7e7eb529-9703-4de3-a2eb-e31845f1b297
False,0.1902222222222222,a55b42a9-65d3-4cce-b631-ef40a100159f
False,0.278832108212144,c3e06dd3-4c96-4b1d-9b3f-f8a1358355ff
False,0.3138859649122807,14b2d222-4e07-498a-9eae-71fb8cc1d417
False,0.11742685427171054,45c32b99-36d2-4a91-8190-bc15c292105d
False,0.31086104636104633,f105ba09-7a19-4e2e-bf38-6d25fcacd082
False,0.2742263616013616,330cd583-df1a-485a-9127-e34a0e9ade7a
False,0.2141628766933631,dc9791f8-906a-4673-83f0-5da942d40246
False,0.18591891346384382,a6175729-abeb-4ad5-ad30-c970b87e2c9f
False,0.1692741428431084,18653563-b79a-4c29-bde1-01c1973195e0
False,0.1911661113580861,29518289-c6ec-49d5-8d33-4c0a318746d4
False,0.3106068218539976,608d2309-7c73-4909-bf5e-f5064749924d
False,0.2498015873015873,bf8f4e8f-1b1c-441b-bd06-b6980fbea6b0
True,0.44912301587301595,becea716-5878-4b17-8d69-f6abbd26aefa
False,0.12591666666666665,635e7752-3a8c-48b1-9c67-65312fe8de3a
True,0.46828381642512085,1587b230-7ab9-4c1f-a9cc-7e00f650d88c
False,0.1513878075192001,adfbdca2-0926-4408-89be-a33d4355a1ee
False,0.18571794871794872,65175a37-9241-4ea0-8d0e-1ac2675780af
True,0.4781388888888889,4ce1d110-179c-4c30-86d2-0b90955f2bcc
True,0.46828381642512085,24ad4290-a6dd-48c8-8dce-ff7a1d43615a
False,0.19644412101308653,c76de410-4dc2-4a71-aa88-b6e45d10e39b
False,0.30241692405163545,5b01ee62-f729-45ec-9795-92bf9438c7ae
False,0.2090022867352831,c6244752-caed-4e43-9147-c913b9877733
True,0.48804365079365086,40135071-a1a3-4f47-8b3d-740511352321
False,0.13447889740691601,7d22136f-21d7-4b8e-b366-56e8f7e3db1f
False,0.21087761676245667,6f882058-36b5-486b-9cf7-1d67a2990452
False,0.14715282612632402,449cf8f1-d704-42ae-91bf-7a458395eff5
False,0.24843518518518523,827aaa4d-9e71-4329-bd3e-05e43b9e52cb
False,0.2803446924293606,69dcd483-804a-4910-a04d-b914698bc406
False,0.2400820592840229,ff0d7037-b816-4ae1-99e1-76f3186624d8
False,0.13146578128327355,eadff017-f26d-4b3c-8257-d4fd60877742
False,0.2824201475912002,5c1c3f22-1762-4b26-aaf0-aa05890281d7
False,0.1761868539137142,b9d2edc5-a1bb-4618-837d-ef5ca0de3851
True,0.47480555555555565,62b74ca2-4c7a-4809-ad5e-7e9de4eb8329
False,0.10473994816100078,2df754df-e6cf-499a-a0cb-0baab8ae8103
True,0.459670634920635,501f7998-bd43-4aba-bfd8-607e2a67e678
False,0.29367270531400963,81c84fac-024f-43ef-81c0-8dedbf6ed7fe
True,0.48690348182283666,24347783-2bb8-44f0-8ae9-9472ca1d3794
False,0.2283981481481481,2361477a-60af-4452-b677-0a2add1e092c
False,0.21683068783068782,5a6c1889-0b1d-4da0-aa52-f06ad2ac6508
False,0.21789355026823817,a71e4634-195b-4d7b-9711-0eaf849979c3
True,0.3776739189928845,2d6237f7-66f0-47e4-8faf-1d0438d46d3a
False,0.28035353535353535,140aed6f-77c0-409e-a90b-4c96881d8b55
False,0.15140482536509528,df95b4ef-f9fa-4a80-a26d-77e55d358747
True,0.3792575600502818,565af441-b71f-4c6d-b909-a9620511572f
False,0.26978826645481796,1777198b-f790-4ecd-8250-1dcf6e92e696
False,0.20854529488604942,6e18124b-50b2-4951-9631-fa71fb8bccb2
False,0.30616666666666664,d92f17a5-f79f-4dcd-951c-1d4728e6d84b
False,0.08977350427350426,ca1a8d98-246b-419d-91e7-8e24ccb75d0d
False,0.2625277777777778,fc459297-f208-4c1f-a653-0801d2693f83
False,0.18869193817878027,79839522-3607-453c-90be-07e2e3f0e144
False,0.2411388888888889,33860e92-702c-4198-9aaf-1683f2baf2df
False,0.19675,ea01ed64-c62b-43e4-9753-b24328118730
False,0.2156616520298375,ff3689fc-ba56-4e6d-8335-889eb2cb9107
False,0.1997234676337701,cf3222ce-12f5-47d6-a7ef-1fbd3b86c64c
False,0.28593920893920893,ee4bedb0-8669-42be-91cf-d03621e344e7
False,0.30469444444444443,5d906294-56ad-45e3-975d-75ed54c57cec
False,0.07695635293118559,320a6eed-14ae-456f-aa00-8d5ff55ea7b7
False,0.13933953724406958,32e6e81b-01ed-4e61-9cf5-50843c512cca
False,0.16063778853233904,7a48ed21-1b4f-48c9-b752-d2fec7164b7a
False,0.21361061126982178,80142d79-8c4c-4d5a-96b1-073d18f2a6fb
False,0.22604098736374045,90b0cacd-ee58-4e27-ac91-ce8583334f5a
False,0.1752735042735043,f2027b2a-f131-4a55-8f52-9c382f09b178
False,0.17260747617644173,9241e573-5f94-4a0e-92db-64928811ed7b
False,0.16136351482378472,8c4b4620-7cb3-442a-9a82-906535b7a157
False,0.16405782418582432,97755cc4-3019-4c08-b222-71be22287e15
False,0.288756734006734,d9b88afb-976a-4463-b295-b13c222bfc9e
True,0.4652261904761905,ccb35927-b103-4907-85c6-9f27b4252ee4
False,0.29367063492063494,79796ed1-45a3-406e-9cee-59bce0248147
False,0.26687421407776596,0e1ac6fa-34e7-4e1a-90a7-c192f8c3ab1d
False,0.16136351482378472,b0275758-c933-4cb9-a354-04fede0c71b6
False,0.27042631233485687,ad068152-13af-4583-9c07-3b4b27a9bac3
False,0.2366786251759936,baab14da-1029-41df-a7fc-423f865f9a35
True,0.4900436507936508,a3628e5a-84a1-4fcc-969e-3a27a242bb1c
False,0.16077920267375317,b3aadcda-a6d1-423f-90cb-52998ff2d117
False,0.16534933616830172,dad70406-8879-48d6-80ce-b88e0d7f47da
False,0.21409354065151162,254edd23-1f96-428f-b587-6fc79821bb34
False,0.08557991012367504,178a8b75-77f3-450c-b1b7-719ea602843c
False,0.2908928571428572,0647cd21-4624-45e3-b6a6-7606a46916d9
False,0.3087433862433862,0646dce6-6907-44f0-8e53-2181775a0878
True,0.400151591444506,d12f1b30-7cd2-406b-9336-5b08bec8530d
True,0.38760516088167357,11170c66-2111-4a66-841f-d23b8428b9f7
False,0.33121825396825394,44352c61-518e-4d70-918c-3b2d94ce7de1
False,0.28035353535353535,307aaffc-7b9a-4bec-a201-2c530cf68566
False,0.18711027892924445,0ce41176-c9e8-4363-9143-3c27a65c2d29
False,0.25175438596491234,649191dd-13a5-476c-b1a8-1b3f76919ece
False,0.23798335477252253,abae72e3-4f39-47f3-b64c-ebfd61da3adc
False,0.28792063492063497,3ad62ca6-1c74-4da7-8027-3f3344222a62
True,0.3643292772319838,9c448486-b19a-4145-b477-370712e5b82a
True,0.46828381642512085,38e6036d-cdf5-4fe3-93a0-8377aa2dd320
False,0.26893674179448807,e9dd7d92-f209-4549-a78d-c68a405cdc52
True,0.37493582375478923,8dbde70f-8481-49d6-aed6-c0e9d5fd01ec
False,0.32658040935672505,f006a39d-6372-4bf9-939d-05028ad9d486
False,0.16136351482378472,f73fde58-16ae-464a-8b54-d019ea6c0318
False,0.19999999999999998,5a9f5054-b2ff-408b-90dd-01a750cc7ffb
True,0.4652261904761905,01a4e6ab-c665-49ff-96aa-b17d6ae67dac
False,0.14139585338592814,4699cb34-5712-41d1-bbdd-85dff5f263ea
False,0.2739655306567071,f362d61d-d034-45c1-825f-a9407780f771
False,0.25292996448511135,445c4806-e610-4766-bf16-0bcf3b3def34
False,0.15605192062088616,475afd03-6e4d-48d4-a69d-1880f6b04591
False,0.14953703703703705,335de2a9-ef7d-43e4-a16e-6dd2e078b425
False,0.1904671379571561,3eaa09b0-1fe0-4be9-b190-2ac4225c5c95
False,0.3301099312452253,76017e5f-7958-4688-ac45-eef9e05a4979
False,0.16405782418582432,ee76215e-8b04-433e-a333-7a03402659e3
False,0.2105,9ab96b0e-bc40-4302-968b-8ff6b42ff8db
False,0.18571794871794872,aa5f8949-809f-46ad-9019-6c8aff4a7d73
False,0.10623771067822838,ff3b0739-a3a7-423c-a45e-43f05c595c4a
False,0.07032046737606032,6450f0af-3a36-4a91-b7b0-109ac1a86faa
False,0.2746666666666667,b7404f9e-fe61-4d70-855d-a5ce5956cb17
False,0.32344604279100847,8b428020-3ef6-4370-ad9e-87452b5b7971
True,0.3977374110563766,6d279849-2a43-4f96-a3dc-b84dbe8942ea
False,0.19774514247299732,cf78f36b-eacd-47aa-a73d-b119a5527f44
False,0.23603191311612373,b21212c5-17e4-463f-bc31-b815b48f9809
False,0.1872449157349339,9409f5d0-9409-40e6-8af5-4dca6513f507
False,0.1872449157349339,fd70ec80-b524-466e-9b29-98429acfdd20
False,0.1759137090069443,e6b95f1e-3924-43db-93ca-49fc01f05fb8
False,0.2738049026373835,0df49dea-bccc-4ec3-ba7c-92af8d2894d8
False,0.19786743385802272,5cea5900-fa9b-4c30-a425-0c9ecf24646e
False,0.16063778853233904,7a4eb2e3-28f2-423a-9d0c-39b739464d6b
False,0.2591541599108405,831e0273-3c20-4a5e-94b4-8741d8e2d034
False,0.1833502383422131,a0471120-f1eb-4f9e-bbc2-3edc1782bded
False,0.311,0bf75025-d789-4ef8-a526-357f52d1a0e5
False,0.11699214130096482,7643d450-a390-45c9-a195-f90269426d87
True,0.4973055555555556,f60d2bf7-ebba-41be-9aea-a52b9094f02c
False,0.16402003494125963,523a9311-3bae-48d5-a1a7-6c1267e1384b
False,0.24575420875420875,ada0a853-b78b-48e6-9e28-bc37f9564f5a
False,0.10473994816100078,0dff3012-8f3d-4634-a58f-be5aad08b73e
False,0.2645118202987057,a9029f19-f21c-4c8d-bb31-fc607cb34f18
True,0.49229365079365084,3e599c9f-686c-4423-918c-2927b7ffe513
False,0.32705197127265534,3da9c96d-a491-4fe2-8a77-d2c7fcc5524d
False,0.10473994816100078,88942c94-f931-445c-a5e8-9fb06aa5c6d7
False,0.23733333333333334,67c891b3-75b7-4205-8b38-bb8249605156
False,0.1939429181929182,60acdd05-6e22-42c3-9330-0ae637fd3852
False,0.22398491103106527,6a506d19-a56d-4d10-999d-299cf9866176
False,0.25279281479041077,f333da20-f7d0-4400-a04e-b13ca55cf73f
False,0.29644030158837104,b0feb5c4-3b3e-46e6-ae52-b321bc1858bf
False,0.17023532755571216,5b3226a9-d8bb-429f-bbc6-a4434366a266
False,0.20952264830685885,431cd0d7-5270-40b9-a661-a1ad030de06f
False,0.2824201475912002,aac19f2f-918a-40be-9a0d-e93287f18f2c
False,0.23272582596396252,7c07f685-aaf7-4bd6-bf2a-4568130ac391
False,0.29344444444444445,82704ae3-8578-4579-98d6-e0f4a8aa8b4c
False,0.3073052503052503,5ec90fb7-afab-4ded-9de8-0411e5e12634
False,0.09613567792256315,da9837f7-232b-4f37-9c8b-602f9bae0d33
False,0.2319084699453552,43eaf520-2f1c-4c18-a08c-beed9762163c
False,0.27256007021059203,27193bd9-bf49-46b9-ae61-22e57ca9cf0d
False,0.17276900908797463,60e6b87c-d7c3-4bd8-9c1c-01fdd13d278c
False,0.2891270462946664,adec80c8-295b-4876-ab8a-fbced4989c19
False,0.3305001602598716,cb2916e8-8812-4745-a59b-4222dc7365f5
False,0.1254395152273779,8aeb4d7f-45fd-4a49-9ab4-99316f6f08da
False,0.21569069680066466,7fffec90-f7d0-4c3d-8db1-e2d18a41eaa3
False,0.28381054131054134,678941d1-2b9e-4a30-8360-77109d560682
False,0.2677512449424215,c3c3abcd-77d1-4e52-8ef5-68cc925c3970
False,0.3133747957023819,6a7d15a0-ea8e-4018-9237-d6d312fbd018
True,0.4417772904483432,60a7a30a-d685-4b12-bc33-0e6d4f927891
False,0.1726111111111111,bf211f19-7810-47b3-b832-5cb7de1de2ea
False,0.1548318625818626,a4ae3424-bdb0-4ac0-9130-f674d922e992
False,0.0992493731481427,a39a9ee9-7dd8-45b4-8f1e-5f544b2d6937
True,0.46828381642512085,19d10bb6-cc29-4d3d-96a2-903641ba0cb1
False,0.2758888888888889,1e7868da-dc7e-4710-80b4-8f0ac8d13b6c
True,0.4846799269415368,96bb4185-4659-489e-90a9-a1b286143376
False,0.23658730158730165,11fee403-b722-4fcd-86b5-f79a64f5fb03
False,0.306082504520267,c9b22325-dda3-4152-8819-601f53e02ee7
True,0.4900436507936508,e9dc6572-3226-49e9-9a28-63e8a9eda2ad
False,0.22331746031746028,8d884f95-6c44-412d-b6b0-c38eaa361bff
True,0.38539594356261025,5fabf234-8c37-4b88-93df-02edbb25962b
True,0.36036111111111113,b4cd4721-9da1-4d9a-b817-f25f8ef585a0
True,0.4815277777777779,ea29d3d9-2da1-4fc1-b6de-1683ca1123d6
False,0.2667010066652924,fd0b3e83-a4ec-4ee1-a599-577de137d9ef
False,0.2933308080808081,aefb481f-0727-46b7-919f-27d2c7378e05
False,0.2486274737315228,1aad405e-6b26-4524-8141-861ab3df8cda
False,0.23460628689049742,5219ea89-3f50-435e-91fe-81a79e3a28dd
True,0.368059884905431,a3980bfb-a473-4d97-b04d-76b79945f8c2
False,0.24388592165363007,b5ae3551-3f20-4352-b6f3-5a11ab0e0208
False,0.25638376576578137,c0d9e3b1-52d5-4195-9faf-12eab6c632e3
False,0.32646964017991,3c8eaf0b-725d-4263-8b77-b29556824b60
True,0.3988756613756614,4616d726-d449-45b2-879e-0133671374e7
True,0.3687663139329807,60bbc213-a5b9-4600-964e-7578228d1c68
False,0.2938921722399984,25dc9ca6-0601-45ee-80bb-ee2f12997eb4
False,0.095440915787602,3e161c43-105a-491b-983b-8e1efddb5d17
False,0.13481831399512265,ee80eb99-d48f-49b4-ace4-64394aa8c8c7
False,0.32858606708572385,00fd2ea9-9bb0-4a8c-a9fa-946e0287978b
False,0.27976542832513973,1eec9e15-b475-4f28-9549-553350922f76
False,0.24721890292675833,98b3cc4e-02c3-4ce1-9f6a-5e1a0fce49d6
False,0.16988210911895124,e2361724-826b-459c-8d67-65ac2f03c33c
False,0.29248105011985304,f19812f6-cd28-4a42-a21c-90dea3b012dc
False,0.31103718202190195,e9f9b3f4-7f09-4f9e-899a-77bf1e92cd24
False,0.18235860484544691,35c4a419-de20-47bf-ab72-c09681f6e8d2
False,0.23025375184615493,9ce710c9-23c8-46aa-9107-46b1e7463fc4
False,0.11111751771916199,144c184c-2a32-4c0d-9d66-4a6275a4e889
True,0.4774484126984127,a41bb033-2cf0-47d4-ae10-6badc100e685
True,0.4886468503543976,9d5bbf7a-95e1-4ced-884f-49039109317e
True,0.44853690284487396,38f33fbb-005f-469f-b9d8-b102d689dd51
True,0.4430348324514991,d54bf511-599e-4c1d-8149-4cf419a71666
True,0.3869281125794284,cd9d97d2-ca5f-49b4-b4fc-3f60aeb89a3e
False,0.24247222222222226,6ef292aa-7454-4b84-9a81-9c538ef6e93f
True,0.45442335585432064,820a900a-bf98-4c0d-ac76-8b85d99ecbb2
False,0.16532151215923827,5ade5938-4315-4bae-8db2-40b43b4e9d16
False,0.2765592287290055,536eb1b8-1706-4c38-9749-e571c60344c6
False,0.1185844427636098,60730b66-b1d8-4e83-a0b6-e6830d880932
False,0.1493838005809126,744c08f5-c72a-4390-b902-2201c040bd86
False,0.24843518518518523,e4507698-6663-4e2a-b6df-e01d67b84cfa
False,0.24994727212546175,b35bba9c-dfa5-4307-be05-c56e982a75ed
False,0.2119722222222222,8259df36-34c5-4afb-9ad7-cc031af8ff5b
False,0.2893290598290598,dcbfa31d-ca2b-4f46-85b1-200303c099f2
True,0.3776739189928845,10f7df27-0686-422c-a362-2b1313e3fdc1
False,0.23869483497811678,2d27d732-3187-4900-8738-ecbdd1944b39
False,0.2156616520298375,a97d9b05-345c-4d2d-8080-87e88b91755d
False,0.15474934708182791,ce6369f9-b93f-4779-a914-1f9a107ed587
False,0.32646964017991,2f4e2473-dae9-4498-b08e-7320bc7102ae
False,0.26245670995671,0323a989-1a42-49f2-99d7-28f25c22154e
True,0.44912301587301595,205b97a9-9c46-414d-a0ba-4a88189196eb
False,0.24247222222222226,78257534-8855-4148-81cd-3af18bea5394
False,0.18711027892924445,af726f8b-f7ba-4200-9b44-61d62b0d5a1e
False,0.31313888888888886,3d5d1bf3-8993-44b7-a9dc-7765113a91db
False,0.1752735042735043,7a506aee-fd12-42e1-b795-97029f386fc5
True,0.47480555555555565,1e2318a2-f69d-44a0-80ea-469d8d79ff03
False,0.2380830280830281,eafe3ae3-f9d3-4851-b903-ecff31e3f137
False,0.2424951991218381,75ed81fa-821c-454d-a397-16a4caa2e0cd
False,0.18711027892924445,02311e70-aab4-4141-b6e5-08c12b7cbef2
False,0.3313247126436781,c3275eed-97de-46ac-9c80-e13cccbbc294
False,0.2071944444444444,bbfa67e5-eeeb-4d8b-80b6-3f70394dcb58
False,0.22150666529237953,8392961f-6c5c-4c2d-aa18-c8a7bd90a13b
False,0.18711027892924445,d42cbbf5-a927-42a7-956b-4fea064f56a5
False,0.19992799631930064,93a1b8c5-5fdc-4455-a7bd-2875a79bc562
True,0.48804365079365086,91071f4d-434c-4685-98f3-71d291deca3f
False,0.30048778998779,583e25b7-db7a-4eaa-8ffa-95651166791c
False,0.1185844427636098,0af8613a-b09d-4e2f-a9db-bcd9d66ce533
False,0.24301393083981176,256f641a-dfac-45b5-b348-e8a53ba7febe
False,0.28309142419328176,f434f9a5-6c87-41c3-acec-2c26534715bd
True,0.39564812106995406,584f81f5-dda8-4632-99e8-eb530ad39939
True,0.400151591444506,3d64f313-24fb-4a23-8ba7-fa01d56c122e
False,0.1493838005809126,8a68d19a-e2f5-4ddc-8ef6-c9b48488bebb
False,0.16136351482378472,b9979532-ec55-46c1-9a58-93d5471a6ee3
False,0.18442272834378098,82e3c0c9-0f18-4735-ab6d-0f0da8e77469
False,0.25898148148148153,f1f0e2d3-5aaa-48aa-9a58-00cecd0ecf2e
True,0.4430348324514991,1380d063-c036-4b75-92fb-e859451d02a6
False,0.3305001602598716,50980b12-21d1-48ce-838b-4a8a2618b10d
False,0.1889722222222222,26e3d399-7171-4e52-8849-2f2b880af3d2
False,0.30805889724310787,c37459ed-46de-4810-b64e-cb277577b835
False,0.23918401055400584,24af3d67-b6cc-4fce-a708-f5ca5b4562fd
False,0.08977350427350426,39a4de26-bc65-4155-a6a2-122cc6142ff5
False,0.3421897920087575,23816b9f-d738-4a7d-a2fb-17a73d852a65
False,0.17891158240160057,cce2bf1b-c8e4-460c-80b6-1a0b32fde824
False,0.14768775287892935,683a44a5-950e-4781-b9a9-6a89a1ec70d1
False,0.28064814814814815,96992617-d96f-43ad-8291-16cc714f8d0b
False,0.29901018760504383,ae2b6bf3-fe6d-476c-9697-f6543d7aed01
False,0.14437842436405654,658f007f-56e8-4b04-99e5-f2c52a17e2b2
False,0.3208585290687989,89d9aa6d-f815-49af-bda8-358a26cae559
False,0.23013546786374717,7567f815-f5d3-4579-85e6-5cfea9533ddf
False,0.29067403852186463,9a7abb20-2ae8-4abf-ad44-ef8318cf4fb0
True,0.4973055555555556,0716dfdd-0385-4fc2-951e-f65cbe97ebe3
False,0.19392127349023905,2c74438a-cf76-4233-9ee4-08c3979c3caf
False,0.3082936507936508,c00283b5-faa6-4446-98e7-2f3c605a88b5
False,0.08619512338049538,4a8eb256-6f22-4e81-933b-1ecde74f5f42
True,0.4973055555555556,32eed8ce-0c50-48f8-bd86-9b58d18175e6
False,0.2659444444444445,44fa2a51-5c5c-4697-a782-32825fb4a179
False,0.2016111111111111,042bda40-b96a-40df-b522-1a07377c4a6f
True,0.46583937198067643,46f2744a-7fc9-4a6c-83f4-644248115192
True,0.4417772904483432,7caeb5a4-c8dd-4804-8322-a4f525a0bc53
False,0.3112958472686734,42e29d41-ef3a-4212-98ce-225f31a36cb0
True,0.4973055555555556,53172f72-c72f-4f14-9edc-c17bd7731b25
False,0.11295370370370371,94963322-52e8-432e-9b51-bcee3d27938a
False,0.1830705618148785,e2ae24f3-365e-4302-b5b2-906bdc4fc604
False,0.25927907300636766,6bd489a7-e46d-4315-bd0c-acc1c8fca8d2
True,0.35352312534209085,9050f073-0fbc-456a-9470-4cbf2d4b8a16
False,0.14715282612632402,02f87409-222b-4eae-8709-4aaa50b68497
False,0.2538010634945862,92f656b6-4b00-4d92-98e7-7b1e51ba260a
False,0.3158801015478101,5af9367c-88b6-4d2d-8d13-aecfa932112c
False,0.22389212556369426,c4bcbd3d-ebcc-4bca-8233-87381a597913
False,0.15094600246023257,4081d498-64ff-4589-8819-38effb30e21d
False,0.31313888888888886,52d69b1c-dc4d-42bc-87c1-07a192d58492
True,0.49758333333333343,c9fa7c3a-e5d9-4d29-9ac2-4836a5a16a20
False,0.07695635293118559,4baee68a-f07f-463a-b2d4-eae76e105714
False,0.32688888888888884,42aa2106-2f3f-46d7-a46b-c23493ca3db4
False,0.2667592592592593,804c7b07-0faf-4063-98c8-214172f9b737
False,0.16063778853233904,a0fd2bbd-8730-47e8-b6de-840359187abf
False,0.25561111111111107,ab959dbe-aa22-4ec5-bfb4-97dd8c97ffb8
False,0.12582190134140597,d36037bf-b612-44a5-b581-b9b0155594df
False,0.1254395152273779,3548f77e-dee6-4b12-aceb-af29277421cf
False,0.18909365380976395,7de9a19a-58ee-42cc-a2a3-8c98bb76d6de
False,0.28381054131054134,8703c779-f11a-42df-a3e7-aa6117ebca1b
False,0.13563065978855454,c82b7beb-d1e4-418f-b9c9-d239ff534e89
False,0.16244444444444442,a03d0893-6b6d-4022-8dd9-b7e02c448fa3
False,0.2675970910181437,b4065c3a-dc20-49e1-99df-a6f08e19751c
False,0.2368022858311726,980da8f5-3d03-4528-82b8-7482ff9a3782
False,0.29725604649076637,b7c1bbe0-7e87-4a79-9397-7f24ed9e0ac0
True,0.3633405856595512,0f6b47ec-662b-46a6-b85e-2b73ec5dcde2
True,0.47992729134664625,b790cf16-23de-4cfd-a49a-8e67abbdb34f
False,0.31311111111111106,2298cdf4-ffdf-4393-b561-8678f35c263e
False,0.26562667887667885,6217e557-0e3a-4ba8-a319-b7fe0bdd546c
False,0.227148282224598,63a94610-2e26-4a23-b1cb-6896f1ea423a
False,0.2842879653828217,972eb355-67d9-4775-b695-b8004b5e020d
False,0.3158801015478101,6b8b4793-e0ee-43a7-a827-642c65f92e61
True,0.4225145502645503,aadcfc12-61e5-4728-8a23-43d78a2faf83
True,0.37930804597701157,8f623a31-414a-4b7a-8a3e-31d8344e593a
False,0.1466628709933215,25f97b47-8b4d-4bfe-9046-d1685529a640
False,0.30103547102110323,4eb528c2-9021-4f80-8228-c00f9e690594
False,0.15470551702448257,cbb3df4c-e95c-4663-9aca-b7c68f6a83c6
False,0.30096387871387875,2021bee0-9860-49da-b0f4-367ec8feba1f
False,0.17992083761794955,04369827-44a0-41fd-9557-32233cb0ef55
False,0.29043431754964744,da2eb3a2-d00b-46d5-beb5-f79022e94cc2
False,0.24718965613952168,37ad6f85-324b-4bd8-a13c-b23e47a2f8af
False,0.14597449477875443,10c06d13-4983-4c4f-a497-c6e9359a1644
False,0.25550207348035286,8444e462-4256-4783-b8a4-973ffed7ebcc
False,0.27028373265145045,a73fea6a-968d-4d88-9812-6824586a5411
False,0.2643022889348977,562432e8-9439-4c1c-bc48-bb1309f844be
False,0.23455502598175174,64f005ee-8fdc-4d0d-b11c-d00ba522d8c3
False,0.21910007441925097,996e28a5-a448-4e5b-a3cd-bc908d1f6c9a
False,0.23482850911271963,71025774-5386-4855-9bf0-8869afb9351a
False,0.14361418390727215,c51fd765-84f5-48db-b0c2-10bc3a6b1b0a
False,0.2538010634945862,c4d7cf09-80cc-498d-9728-95826b0237aa
False,0.24476885751117602,ea5b1a51-729a-45f3-bc19-47ef4ccd5ca1
False,0.28035353535353535,c83124c5-674e-440c-96ae-db5053d8a379
True,0.48804365079365086,17d3d602-ee81-4a47-a2f1-88df093fb8e1
False,0.14128669065149285,1f485e6e-8f42-4fe8-aaec-fcc5228663c9
True,0.4417772904483432,9e0781fe-44a4-4304-8d31-a7d3476298fe
False,0.15575351339772173,3dfc03e3-ad36-432e-82d7-e92fba92c59c
True,0.46316975308641983,b85c972e-5593-4946-9f4e-66aaa91f79f1
False,0.1329957264957265,7718b1a2-8216-4801-8d1d-303912e75089
False,0.16981159420289857,ac490aa5-42e6-4740-88e4-fb6586b0f3f3
True,0.46828381642512085,6027332e-0dcd-440d-b8fe-6853397506f6
True,0.4042119211408006,4969f3ba-639d-43a6-a62b-e69e170c83ac
False,0.16063778853233904,fa1713ba-64f3-454c-98f8-2aeff3c00f21
False,0.23822070068686718,a0ff2d35-a3e9-47f1-9145-d57f6e96eb63
False,0.19392127349023905,8e302e92-9ccb-46d5-8c9d-d58bf87123f2
False,0.12312677884724749,c7dc7493-87a1-4bca-8a02-f178d33db0d9
False,0.3090555555555556,f50d2e10-0b66-41d3-b4c2-5f7a7214936f
False,0.2820722518222518,11396c1e-dcb3-4b92-b26e-cf5024e03c84
False,0.10473994816100078,d25a3052-59dc-434e-a478-5ab2fef5b304
False,0.10140233344799907,794e99f7-a478-4998-991e-8ded75434138
False,0.15605192062088616,a55227aa-1407-4d96-986d-2fcf053067b6
False,0.24470971546639608,6af6bd74-8289-451f-9826-b8f2954eefac
False,0.22786880158359418,4f694e69-2a0a-4698-9a7e-2cc3b40211a9
False,0.28716176659597714,b1b6f265-3864-4062-9cd0-732fd4249294
False,0.2763369344512392,9c508606-4e66-435c-8eee-59a7397e365e
True,0.43208730158730163,1bf67201-8166-4486-bd77-55f89c897435
False,0.11857328149433415,cb773e96-fcd9-4723-ac5b-0be6cee8b1c4
False,0.28035353535353535,371afa5e-12f9-44ab-9753-0e3380235455
False,0.27283745282747096,5941e784-17e6-4778-827f-36cd74cb1abb
False,0.27916172527867344,d253b3b1-939e-4144-82c2-48eb9e2b0535
True,0.44912301587301595,4cafa325-5328-4d2f-8489-44b003b9a30b
True,0.4719444444444445,d520d0ed-cfeb-4cff-829d-35a0cee6d5e5
False,0.2834568668046929,e2c65f7b-7671-48d3-b236-d3d98697e7da
False,0.27077472421878057,c4557226-93e6-426c-ac82-4551a08ee986
False,0.15543007488362678,41fce873-63ad-46c9-b698-a20c9067747b
False,0.10140294843101066,1feadeb5-1b12-45f3-a805-25f785176665
False,0.11152777777777778,b7cffc18-580e-4a7d-af96-33498ddf0a8c
False,0.11681816491923709,8c1d67a8-745c-42ee-9546-07dcf5c527b7
True,0.47480555555555565,43db33d7-7110-4eab-abc2-05db637a4625
False,0.17276900908797463,dbf03309-dd10-482e-9ba0-521155f57d45
True,0.39380300738785323,fcab8080-330d-446e-9e78-92eb6e9a2164
False,0.1904671379571561,46f071bc-edd4-4a5c-9c93-9ee434e4c4a8
False,0.3110251957354656,03a3e099-99cc-41df-8dd3-a385ca75556c
True,0.44568386243386254,287f2015-bf61-4e4f-bf08-f08fe3218e94
False,0.2543650793650793,700b8604-db53-4f3d-be90-613fb4654739
False,0.24675251802038067,4f07d4a8-bbcc-4239-be11-025d582c2907
True,0.46136988304093574,283e419b-84c4-4169-9b60-5b9e61655b47
False,0.17260747617644173,017926ef-3dbf-4a7a-9442-b768bb9d61ef
False,0.1700911129034854,4b2ee69d-84a2-4b89-a3b6-f20f3ad9e531
False,0.2345970818012298,5aea3a29-a6f0-4688-81d0-aa67e17ec98e
False,0.21069733044733044,647a8be7-1a7a-429f-affb-b94f746b5cc6
False,0.25446680667035865,9b2c07f1-10c7-4aef-99aa-1525ac720192
False,0.1881911147600803,0b3a6914-6e7e-4b8b-98bd-5e6421277713
False,0.18711027892924445,02a5f0c1-a7a3-4a2e-bf4a-4981bb93a2ef
False,0.1904671379571561,763a65fd-1911-4f26-8bb5-81295df2309e
False,0.329830808080808,334cc19c-8201-4808-a887-5d991e78e05c
False,0.29030708798997795,c682b978-318b-4c6f-9766-88fcb2eb0231
False,0.11681816491923709,a952dc8d-88b9-4467-95d2-d0a3fff39079
False,0.14814112454565687,c31f9167-0d66-46c3-955a-f28c8c4dc3bd
False,0.3479168670835337,f485f009-3359-4ace-a256-114b372f686a
False,0.27349805068226124,4d34d431-c35a-45f4-acad-854deff9a7cd
False,0.27028373265145045,e8781918-cc47-441e-ad87-0c0633c30397
False,0.2352175518616689,8c221b11-5de1-46e3-84f8-2c03089797d9
True,0.4780555555555555,b01c17f9-3eee-474a-827a-fe14e5949644
False,0.14768775287892935,06a921e4-2b4f-4acb-9187-5191d8f5866e
False,0.17227324690559986,40f0e77d-4337-4139-ab58-d7b9c581feae
False,0.14768775287892935,6c23b771-84d5-42a5-8c99-fc9e85ad055e
False,0.2887830687830687,0db86b91-14c3-4d3e-85e4-6f5e79421a6b
False,0.15637608395503136,cf3b2b69-be83-429c-ba08-e71e22981a07
False,0.19988888888888884,e48ba03a-777c-4814-96a4-016815c18cbc
True,0.368059884905431,604e425e-3126-4ad0-bda3-394277b12336
False,0.11681816491923709,503f5783-5a92-4907-b57f-b6e008bb5b06
False,0.2487135375141187,c3f93bde-d184-4166-87c4-483b2c9b12df
True,0.400151591444506,35cd7d07-d841-4870-b9ee-c93eda7072c8
True,0.459670634920635,9a350943-f5ed-4d94-acf3-239311050336
False,0.11857328149433415,858c308c-8b00-41c5-bb24-b6e730ec2115
False,0.26958946658140975,7d04818f-b6f8-4016-83a6-80ef7fbba61c
False,0.29730555555555555,7e09560b-77e1-4202-be8a-9fdf6ff3d81f
True,0.36036111111111113,20d15098-c0f7-4823-9090-a344c752f631
False,0.3215089203347765,dce2f280-20d4-404c-85f2-b123a54bf3a8
False,0.2179856112698218,eaac1391-2f2a-472a-bc4a-07a0def8b616
False,0.28874223924223935,59fe92ba-4116-4f9a-bc21-44da09538942
True,0.4841164270739743,eef15803-2a01-4cec-a032-5df6ee3b81f9
True,0.4752658730158729,804a69b5-db19-430f-99a7-c20a7fd2d204
False,0.14254938271604936,8e68a0ba-86cb-4085-ac9a-4af5c3c43246
False,0.1872449157349339,ba3c666b-6aa6-4456-81d3-d901cbbe2ef8
False,0.3268849206349207,81dd1a7d-80e7-48db-8b63-7831bc9365af
False,0.291602466977467,97044c34-8b6c-4268-a078-d1c8cd2dfecb
False,0.14269731867081653,c3e3aabd-7098-43b7-8c6e-8295972ac131
False,0.2981734570651028,3256509c-91fd-42e3-9d11-eca9d8085b65
False,0.19014556610583594,427a34a1-a3ab-4cd6-9457-723c2e91d007
False,0.23523271976960505,317f817f-f7b9-4ce8-8a38-0eca04ae8bf3
False,0.23768650793650792,80627a73-e228-4c02-9063-eeccf997555a
False,0.17766666666666667,2a5b5a7e-c965-41bd-ab2e-2233fd79b37c
False,0.11971825396825399,9ee70b37-9239-4e88-b194-a7dd6cbf48e9
False,0.22318308679201124,c33a9c3c-eb45-4acd-a36f-0e021b2a2c83
False,0.32406349206349205,88f6ba6c-e373-4713-aad1-487bd0fdd841
False,0.32646964017991,8f10bfbb-b30d-4e06-a4da-cae99e643d4b
True,0.4417772904483432,8c8c348f-8de8-4d3b-9f96-a2a062f8e135
False,0.22739480298965925,06741083-6d11-47ea-af83-094147d84cfe
False,0.16565201603119215,fda20abc-15fb-4bff-b834-30b792694999
False,0.2383425925925926,03646cd5-6898-4cf1-8d00-e926c117bbe4
False,0.08852235126034182,017c6fae-2fe9-485a-b016-cbc0b69e32bb
False,0.3010367683297115,e91c0242-3aeb-42cb-9c30-5a46cef8155b
False,0.1293308270676692,3e7098fe-ee75-454e-886c-c0ddec090ef2
False,0.3295747126436781,a93a8a72-82af-438f-a5af-1151a9bedea7
True,0.4839722222222222,e6b59e01-66f1-49ce-9549-e0dc2baef8c1
False,0.1466628709933215,11f30545-2d58-4f20-b98b-b9ce2344b2c5
False,0.24488888888888893,96f62d59-db77-4976-a03b-bba4f85dadf4
False,0.2512652710219516,53f705cf-698b-4812-98dc-451d6bacf3bd
False,0.15474934708182791,77da3393-5932-4773-b3d9-4188c793530a
False,0.2838133440633441,442f81d4-cd9e-4a65-bcef-c67a98a8773c
False,0.14768775287892935,d7c9b5f4-693e-41ab-bc33-10cf701f0f4e
False,0.11714265817037886,f9ea93f5-4076-4288-bb00-f4fa1a5c5b63
False,0.1872449157349339,9fedc73d-7095-4bb4-b732-f94b0e40637f
False,0.17377664872266613,f6ab7556-181b-4a43-b010-0bfe9f7ca794
False,0.3023524904214559,f90894aa-d36e-4df5-988b-d452b45740c6
False,0.3228489505448181,67dc78d8-be71-49c3-98d8-5cc82b42469c
True,0.4225145502645503,53087847-1bee-403e-b1c5-d45e3c6ee5a8
False,0.3077597047468187,f30927c4-6c92-44d8-b895-9ca4373b1e58
False,0.2620243179652253,ffd92a82-8c48-43bf-b35e-5e4b4e4a8742
False,0.2843891425329812,43328d4a-d1ab-4ed2-bcaa-509c569aa5f0
False,0.27525728809236205,d73f84bf-603f-432b-9df5-3ad936c09423
False,0.11681816491923709,054fa608-eff7-4c29-93bb-aa34141482f5
False,0.1544080459770115,0cd70559-a1fe-45e7-805e-e502f3741f4a
False,0.14814112454565687,3d551414-708b-4a3f-bf1d-378ec91b7809
False,0.2818377192982457,17a8e00f-a9bd-454d-aadf-7f8be1cc30ca
False,0.3073761027166649,0841d6b2-9f47-42a7-a4cd-5b14ec593101
True,0.49315452610019683,0b9868f1-e6b9-4352-90e6-01e05823016a
False,0.34307936507936515,52db4a07-9c79-4bb5-9ad6-665e489651e4
True,0.3977374110563766,1b1b2519-3ba9-4415-a73c-7f590c972c33
False,0.3013231074481075,a056b91a-8279-43f7-826a-f151d888a8d8
True,0.36036111111111113,6fde16c5-6420-4b3f-b5c4-1e7a10345c57
False,0.26522032436162873,bddff274-cfc3-40e4-9f6a-f982daa3b7cf
False,0.2620566190501417,edd44789-1057-4b1b-ae22-33ba702d1887
False,0.11681816491923709,857654d0-b397-4e36-830f-0e8e8d0b35ff
False,0.20122205379243846,fb66def4-6626-43c7-aa2a-664b241f1b34
False,0.2721711650922178,5272ab20-c9d6-456a-ac5c-2807ccd702f4
True,0.4652261904761905,a2e465ee-27a7-4df1-a47c-67a2379a1ab4
False,0.21468505010600586,29a876f2-d941-417a-94cc-efa7648eea4c
False,0.18571794871794872,f8b56601-794c-4f57-8d61-1cfd761a3066
True,0.47386640211640224,a78e5f91-5a10-4c3b-aae3-d5e186f2e76d
False,0.3292791261726489,5dc614bd-e985-4184-9627-f28fa3cde7f2
True,0.4623949275362319,bb676ab3-9866-4788-98f1-5ea0d5dc4f50
False,0.19040152234086544,e34741fe-de94-4c4d-90e4-c67eb8361c30
False,0.2889960120328973,82bf2683-7f9f-4fc5-9a61-01bded6f8e90
True,0.46566975308641984,bb9c82cc-9c4b-43a7-b7e7-85263bac2c02
False,0.2960709140790363,5823d699-9b32-4167-b59c-e635cdb23c32
False,0.15022286079182634,d2a0398c-eb00-4dcd-b356-df66e93a8521
True,0.38539594356261025,42bb3a5f-7986-4fdf-8daa-80e0cb69d3d7
False,0.16259799118755228,c12390e8-ca5a-4e30-8473-18e539a01509
False,0.17260747617644173,e5624bca-0c47-4248-896f-afd3f2c59948
False,0.2692077922077922,9ab47415-9849-4549-9125-21f46a213aa9
False,0.13442405822986592,1b3e3838-f19a-4506-9903-97bf9d655bf4
False,0.17469595213150432,640463ac-d639-46e5-aaee-778af7c5b4d5
False,0.2997420030572902,c37175f0-3a51-4485-9383-93c370b33a39
False,0.1760362262762444,126e8134-1cef-4de7-8c61-538fa2a6e5f7
False,0.1872449157349339,ae0962a0-56bb-4188-b70c-868ef48f5cab
False,0.2666849446849447,ee0a4a84-b5c8-4763-955b-03d0d0a719ce
False,0.18875967257095647,408d1841-e9d4-4de6-ac0e-3c011db89611
False,0.17448148148148146,a96dc818-fe61-44d5-b9fe-a289a0b3a470
False,0.22584737957306564,e2970818-7b88-4ff9-8110-caef3f2af0ad
False,0.12997259018293011,e3bd6178-c78f-4e6b-beb4-0ee682260f68
False,0.21229735883424408,37a31463-150c-48dd-93ab-96dfba4e8c4d
False,0.3093039389190158,aaf37519-5634-4b41-a5a9-25de1c070414
False,0.26624032858243996,6e1b7504-10c9-45fe-a4d2-11f40b170c1b
True,0.4125992063492064,d1594f91-709d-4e1d-9b2e-c400b8776115
False,0.16565201603119215,fa45b362-54d8-473a-9d57-2f6ed345c54a
False,0.286655806182122,a338a88e-7932-43ea-994a-fce442dbefcd
True,0.35179365079365077,67a859bc-5f19-4ade-b4f7-103c3f9fbef8
False,0.2866436588103255,5122c0f0-6f01-401b-a2e5-4146c690e532
False,0.2931334621762253,bcfc0332-f2c5-4710-a74c-ae9000aa844f
False,0.12085282651072125,7447ec5c-1ef0-4710-b59e-dc60ac4d7b15
False,0.33769191919191915,5fa4d5af-ae85-421e-8997-2255faf991b4
False,0.3068352900969,1c7da3a5-05bc-460c-bee4-a39e83f80643
False,0.2666658942275069,fe6ef057-cf66-42d1-82d0-9b3b5bd7c96c
True,0.4680714285714287,3235a8c7-9e6d-4cad-983d-2448bcc8a321
False,0.1872449157349339,c4ec97ab-20b7-4c84-ab1a-aac8f1e6d865
False,0.17718783068783067,fe8ae6ee-8bff-4f39-bfa9-9dc1e5ad3afc
True,0.4781825646401119,d59c84b3-8fd6-4159-b6bd-25039eb32bc6
False,0.29916117094805617,41a421e6-8dc9-4e04-afc5-5547e38d5f18
False,0.26344973544973543,e08f51c5-c3a2-4f32-8667-11b80756e931
False,0.17718783068783067,29dc3dd3-8a82-4396-a376-ebfd9b196a32
False,0.3207512992241253,9ff52395-94a1-4858-84e6-9d382e2a41b3
False,0.2739166666666667,3510efdb-386d-4c84-a831-a2129cfb25bd
False,0.30036201039913385,b648162b-5325-4b53-89a0-816a901d952a
False,0.12243700896171376,1f0c831d-a55e-49f8-a165-1a609f08f613
False,0.2861018861924483,e86a757d-bab0-49d5-a6c5-9be1cfab87d1
True,0.40468880633419646,9cc106f3-71c1-4b7e-91db-73baf24b0af6
False,0.23938461538461533,c56633f5-ad8c-47b2-a69b-2082f67b1608
True,0.4759166666666667,212d41fd-9bd9-484e-9955-5853b5b8ed35
False,0.1872449157349339,bac34457-48f0-41e3-aaa0-d45e34765ae2
False,0.08852235126034182,3bac203d-566c-48a7-b193-52159f6e19a3
False,0.33401498175027583,a14367fb-2a98-453f-a554-46920d6b1d8f
False,0.2923456790123457,af298a0b-3b21-4e18-9d28-69528d607055
False,0.29608192043409237,e3be3296-1da3-466d-9047-28feb3737f2a
False,0.3161666666666667,9746a41a-5a58-42ac-b0a5-78b775a75c9e
False,0.2696956893868659,be8f1a3a-5fa9-49d1-a89d-f7b02dfd58b4
False,0.29940634697150514,11ecb6f5-ded3-4e62-b2aa-9904c3c61b37
False,0.30202020202020197,ba7f71af-a87a-44ad-b009-3583f4b65766
False,0.17260747617644173,97e1b96f-529c-4dc2-875d-400ee27ae7d5
False,0.14036848500083793,2d564870-3d92-47bd-ab66-a89f528e900c
False,0.14139585338592814,10bbae7b-e341-4b98-afe2-0afdbcd1d83f
